timestamp,idNumber,result
2026-10-04T08:10:20.070Z,12345678,VERIFIED
2026-10-04T08:10:20.404Z,99999999,NOT VERIFIED
2026-10-04T08:18:51.411Z,30491626,NOT VERIFIED
2026-10-04T08:19:11.735Z,30491626,NOT VERIFIED
2026-10-04T08:19:13.962Z,30491626,NOT VERIFIED
2026-10-04T08:19:38.641Z,30491626,VERIFIED
2026-10-04T08:21:23.608Z,12345678,NOT VERIFIED
2026-10-04T08:22:14.431Z,30491626,VERIFIED
2026-10-04T08:23:31.628Z,30491626,VERIFIED
2026-10-04T08:24:53.420Z,30491626,VERIFIED
2026-10-04T08:25:04.536Z,30491626,VERIFIED
2026-10-04T08:25:27.170Z,30491626,VERIFIED
2026-10-04T08:25:38.630Z,30491626,VERIFIED
2026-10-04T08:27:07.203Z,30491626,VERIFIED
2026-10-04T08:27:26.375Z,30491626,VERIFIED
2026-10-04T08:28:09.316Z,30491626,VERIFIED
2026-10-04T08:30:05.805Z,30491626,VERIFIED
2026-10-04T08:30:14.132Z,34567890,VERIFIED
2026-10-04T08:30:21.832Z,34567890,VERIFIED
2026-10-04T08:32:32.912Z,30491626,VERIFIED
2026-10-04T08:41:32.428Z,30491626,VERIFIED
2026-10-04T08:46:37.013Z,30491626,VERIFIED
2026-10-04T08:47:57.487Z,30491626,VERIFIED
2026-10-04T08:48:07.070Z,30491626,VERIFIED
2026-10-04T08:49:35.355Z,30491626,VERIFIED
2026-10-04T08:49:39.939Z,30491626,VERIFIED
2026-10-04T08:49:49.302Z,29708460,VERIFIED
2026-10-04T08:52:01.240Z,30491626,VERIFIED
2026-10-04T09:03:31.240Z,30491626,VERIFIED
2026-10-04T09:03:49.896Z,30491626,VERIFIED
2026-10-04T09:05:07.028Z,29708460,VERIFIED
2026-10-04T09:05:11.535Z,29708460,VERIFIED
2026-10-04T09:05:14.130Z,29708460,VERIFIED
